{"initial_reset_timestamp": 1547190317.3295965, "timestamps": [1547190321.0161872, 1547190323.6850421, 1547190323.7896597, 1547190323.8183334, 1547190323.8466685, 1547190323.8754597, 1547190323.90382, 1547190323.932051, 1547190327.5702462, 1547190327.6635845, 1547190327.695806, 1547190327.723791, 1547190327.7517965, 1547190327.7795773, 1547190327.8074698, 1547190327.8353233, 1547190327.865624, 1547190327.9022338, 1547190327.933123, 1547190327.960905, 1547190327.98864, 1547190328.016789, 1547190328.044599, 1547190328.0723512, 1547190328.1004775, 1547190328.1205478, 1547190328.1483126, 1547190331.6759667, 1547190331.7751286, 1547190331.8031666, 1547190331.8310292, 1547190331.8589041, 1547190331.8868954, 1547190331.9148035, 1547190331.9425673, 1547190331.9703608, 1547190331.99814, 1547190332.025983, 1547190332.0537305, 1547190332.0813744, 1547190332.1093204, 1547190332.1371553, 1547190332.164911, 1547190332.192945, 1547190332.2207272, 1547190332.24849, 1547190332.2762554, 1547190332.3041503, 1547190332.331937, 1547190332.3597877, 1547190332.3875203, 1547190332.4165907, 1547190332.4444435, 1547190332.4723039, 1547190332.500132, 1547190332.5278015, 1547190332.56272, 1547190332.5958292, 1547190332.6238573, 1547190332.6516414, 1547190332.685351, 1547190332.7231243, 1547190332.7514193, 1547190332.7792556, 1547190335.2886195, 1547190335.3909714, 1547190335.4194636, 1547190335.4478645, 1547190335.4627273, 1547190335.4912138, 1547190335.5194242, 1547190335.5475748, 1547190335.5757751, 1547190335.6042006, 1547190335.6324203, 1547190335.6580892, 1547190335.6885183, 1547190335.7173388, 1547190335.745508, 1547190335.7738788, 1547190335.8019822, 1547190335.8301985, 1547190335.8583186, 1547190335.886496, 1547190335.914621, 1547190335.949282, 1547190335.9771771, 1547190336.0049725, 1547190336.0327861, 1547190336.0605648, 1547190336.08818, 1547190336.1159062, 1547190336.1436532, 1547190336.1714156, 1547190336.1992745, 1547190336.228255, 1547190336.2560291, 1547190336.2838917, 1547190336.3117993, 1547190336.3397658], "episode_lengths": [200, 144, 200, 200, 200, 200, 200, 200, 200, 169, 200, 200, 200, 200, 200, 200, 200, 200, 200, 200, 200, 200, 200, 200, 200, 143, 200, 200, 200, 200, 200, 200, 200, 200, 200, 200, 200, 200, 200, 200, 200, 200, 200, 200, 200, 200, 200, 200, 200, 200, 200, 200, 200, 200, 200, 200, 200, 200, 200, 200, 200, 200, 200, 200, 138, 200, 200, 200, 105, 200, 200, 200, 200, 200, 200, 177, 200, 200, 200, 200, 200, 200, 200, 200, 200, 200, 200, 200, 200, 200, 200, 200, 200, 200, 200, 200, 200, 200, 200, 200], "episode_rewards": [200.0, 144.0, 200.0, 200.0, 200.0, 200.0, 200.0, 200.0, 200.0, 169.0, 200.0, 200.0, 200.0, 200.0, 200.0, 200.0, 200.0, 200.0, 200.0, 200.0, 200.0, 200.0, 200.0, 200.0, 200.0, 143.0, 200.0, 200.0, 200.0, 200.0, 200.0, 200.0, 200.0, 200.0, 200.0, 200.0, 200.0, 200.0, 200.0, 200.0, 200.0, 200.0, 200.0, 200.0, 200.0, 200.0, 200.0, 200.0, 200.0, 200.0, 200.0, 200.0, 200.0, 200.0, 200.0, 200.0, 200.0, 200.0, 200.0, 200.0, 200.0, 200.0, 200.0, 200.0, 138.0, 200.0, 200.0, 200.0, 105.0, 200.0, 200.0, 200.0, 200.0, 200.0, 200.0, 177.0, 200.0, 200.0, 200.0, 200.0, 200.0, 200.0, 200.0, 200.0, 200.0, 200.0, 200.0, 200.0, 200.0, 200.0, 200.0, 200.0, 200.0, 200.0, 200.0, 200.0, 200.0, 200.0, 200.0, 200.0], "episode_types": ["t", "t", "t", "t", "t", "t", "t", "t", "t", "t", "t", "t", "t", "t", "t", "t", "t", "t", "t", "t", "t", "t", "t", "t", "t", "t", "t", "t", "t", "t", "t", "t", "t", "t", "t", "t", "t", "t", "t", "t", "t", "t", "t", "t", "t", "t", "t", "t", "t", "t", "t", "t", "t", "t", "t", "t", "t", "t", "t", "t", "t", "t", "t", "t", "t", "t", "t", "t", "t", "t", "t", "t", "t", "t", "t", "t", "t", "t", "t", "t", "t", "t", "t", "t", "t", "t", "t", "t", "t", "t", "t", "t", "t", "t", "t", "t", "t", "t", "t", "t"]}