{"initial_reset_timestamp": 1551803591.0912695, "timestamps": [1551803599.5867565, 1551803600.3534558, 1551803601.9835768, 1551803602.4099553, 1551803603.3817449, 1551803610.0969188, 1551803610.6466012, 1551803612.1621888, 1551803612.7367892, 1551803613.7177606, 1551803620.557049, 1551803621.1295974, 1551803622.7146163, 1551803623.121324, 1551803624.0716321, 1551803630.8347003, 1551803631.3852026, 1551803632.869059, 1551803633.278034, 1551803634.2316952, 1551803640.9795942, 1551803641.5720608, 1551803643.0637276, 1551803643.4713233, 1551803644.4264445, 1551803651.227454, 1551803651.7843747, 1551803653.6840014, 1551803654.159815, 1551803655.1734304, 1551803662.0059297, 1551803662.5509832, 1551803664.0232425, 1551803664.4226513, 1551803665.3671718, 1551803671.9333322, 1551803672.488506, 1551803673.9615417, 1551803674.3621004, 1551803675.304895, 1551803682.1111243, 1551803682.7400153, 1551803684.2358682, 1551803684.6423295, 1551803685.6776085, 1551803692.2682717, 1551803692.8283975, 1551803694.3112478, 1551803694.7259195, 1551803695.6730163], "episode_lengths": [1253, 105, 285, 77, 182, 1253, 105, 285, 77, 182, 1253, 105, 285, 77, 182, 1253, 105, 285, 77, 182, 1253, 105, 285, 77, 182, 1253, 105, 285, 77, 182, 1253, 105, 285, 77, 182, 1253, 105, 285, 77, 182, 1253, 105, 285, 77, 182, 1253, 105, 285, 77, 182], "episode_rewards": [52.0, 3.0, 23.0, 5.0, 13.0, 52.0, 3.0, 23.0, 5.0, 13.0, 52.0, 3.0, 23.0, 5.0, 13.0, 52.0, 3.0, 23.0, 5.0, 13.0, 52.0, 3.0, 23.0, 5.0, 13.0, 52.0, 3.0, 23.0, 5.0, 13.0, 52.0, 3.0, 23.0, 5.0, 13.0, 52.0, 3.0, 23.0, 5.0, 13.0, 52.0, 3.0, 23.0, 5.0, 13.0, 52.0, 3.0, 23.0, 5.0, 13.0], "episode_types": ["t", "t", "t", "t", "t", "t", "t", "t", "t", "t", "t", "t", "t", "t", "t", "t", "t", "t", "t", "t", "t", "t", "t", "t", "t", "t", "t", "t", "t", "t", "t", "t", "t", "t", "t", "t", "t", "t", "t", "t", "t", "t", "t", "t", "t", "t", "t", "t", "t", "t"]}