{"initial_reset_timestamp": 1550068931.145081, "timestamps": [1550068933.1846335, 1550068933.9960957, 1550068934.8131025, 1550068935.0538518, 1550068935.3058355, 1550068936.0809515, 1550068936.5546725, 1550068937.329452, 1550068937.8279939, 1550068938.1118937, 1550068938.8906286, 1550068939.355063, 1550068940.1359627, 1550068940.378886, 1550068940.6341445, 1550068941.4040647, 1550068941.878132, 1550068942.6612732, 1550068942.9038274, 1550068943.149122, 1550068943.9225886, 1550068944.382974, 1550068945.1629024, 1550068945.4060137, 1550068945.654439, 1550068946.4267085, 1550068946.8985288, 1550068948.0596125, 1550068948.3299792, 1550068948.574914, 1550068949.3483794, 1550068949.822268, 1550068950.5966306, 1550068950.8462803, 1550068951.090549, 1550068951.8651814, 1550068952.3304183, 1550068953.1137052, 1550068953.3555293, 1550068953.6013622, 1550068954.376263, 1550068954.8428564, 1550068955.6240869, 1550068955.864579, 1550068956.118378, 1550068956.8811681, 1550068957.353275, 1550068958.1357627, 1550068958.3782005, 1550068958.6223476], "episode_lengths": [168, 103, 172, 53, 54, 168, 103, 172, 53, 54, 168, 103, 172, 53, 54, 168, 103, 172, 53, 54, 168, 103, 172, 53, 54, 168, 103, 172, 53, 54, 168, 103, 172, 53, 54, 168, 103, 172, 53, 54, 168, 103, 172, 53, 54, 168, 103, 172, 53, 54], "episode_rewards": [4.0, 2.0, 3.0, 1.0, 1.0, 4.0, 2.0, 3.0, 1.0, 1.0, 4.0, 2.0, 3.0, 1.0, 1.0, 4.0, 2.0, 3.0, 1.0, 1.0, 4.0, 2.0, 3.0, 1.0, 1.0, 4.0, 2.0, 3.0, 1.0, 1.0, 4.0, 2.0, 3.0, 1.0, 1.0, 4.0, 2.0, 3.0, 1.0, 1.0, 4.0, 2.0, 3.0, 1.0, 1.0, 4.0, 2.0, 3.0, 1.0, 1.0], "episode_types": ["t", "t", "t", "t", "t", "t", "t", "t", "t", "t", "t", "t", "t", "t", "t", "t", "t", "t", "t", "t", "t", "t", "t", "t", "t", "t", "t", "t", "t", "t", "t", "t", "t", "t", "t", "t", "t", "t", "t", "t", "t", "t", "t", "t", "t", "t", "t", "t", "t", "t"]}